Alaska, Anchorage
Alaska, Fairbanks
Alaska, Juneau
Alaska, No DMA
North Carolina, Atlanta
Alabama, Atlanta
Georgia, Atlanta
Alabama, Birmingham (Ann and Tusc)
Alabama, Columbus GA
Georgia, Columbus GA
Alabama, Columbus-Starkville Westpoint MS
Mississippi, Columbus-Starkville Westpoint MS
Alabama, Dothan
Georgia, Dothan
Tennessee, Huntsville-Decatur (Flor)
Alabama, Huntsville-Decatur (Flor)
Alabama, Meridian
Mississippi, Meridian
Alabama, Mobile-Pensacola (Ft Walt)
Mississippi, Mobile-Pensacola (Ft Walt)
Florida, Mobile-Pensacola (Ft Walt)
Alabama, Montgomery-Selma
Oklahoma, Ft. Smith-Fay-Sprngdl-Rgrs
Arkansas, Ft. Smith-Fay-Sprngdl-Rgrs
Arkansas, Greenwood-Greenville
Mississippi, Greenwood-Greenville
Missouri, Jonesboro
Arkansas, Jonesboro
Arkansas, Little Rock-Pine Bluff
Missouri, Memphis
Tennessee, Memphis
Arkansas, Memphis
Mississippi, Memphis
Arkansas, Monroe-El Dorado
Louisiana, Monroe-El Dorado
Oklahoma, Shreveport
Texas, Shreveport
Arkansas, Shreveport
Louisiana, Shreveport
Arizona, Phoenix (Prescott)
Arizona, Tucson (Sierra Vista)
California, Yuma-El Centro
Arizona, Yuma-El Centro
California, Bakersfield
California, Chico-Redding
California, Eureka
California, Fresno-Visalia
California, Los Angeles
Oregon, Medford-Klamath Falls
California, Medford-Klamath Falls
California, Monterey-Salinas
California, Palm Springs
California, Reno
Nevada, Reno
California, Sacramnto-Stktn-Modesto
California, San Diego
California, San Francisco-Oak-San Jose
California, SantaBarbra-SanMar-SanLuOb
Colorado, Albuquerque-Santa Fe
New Mexico, Albuquerque-Santa Fe
Colorado, Colorado Springs-Pueblo
Wyoming, Denver
Nebraska, Denver
Colorado, Denver
Colorado, Grand Junction-Montros
Connecticut, Hartford & New Haven
New York, New York
Pennsylvania, New York
Connecticut, New York
New Jersey, New York
Pennsylvania, Washington DC (Hagrstwn)
West Virginia, Washington DC (Hagrstwn)
Maryland, Washington DC (Hagrstwn)
Virginia, Washington DC (Hagrstwn)
District of Columbia, Washington DC (Hagrstwn)
Delaware, Salisbury
Maryland, Salisbury
Delaware, Wilmington
Florida, Ft. Myers-Naples
Florida, Gainesville
Georgia, Jacksonville  Brunswick
Florida, Jacksonville  Brunswick
Florida, Miami-Ft. Lauderdale
Florida, Orlando-Daytona Bch-Melbrn
Florida, Panama City
Georgia, Tallahassee-Thomasville
Florida, Tallahassee-Thomasville
Florida, Tampa-St. Pete (Sarasota)
Florida, West Palm Beach-Ft. Pierce
Georgia, Albany
South Carolina, Augusta
Georgia, Augusta
Tennessee, Chattanooga
North Carolina, Chattanooga
Georgia, Chattanooga
North Carolina, Greenvll-Spart-Ashevll-And
South Carolina, Greenvll-Spart-Ashevll-And
Georgia, Greenvll-Spart-Ashevll-And
Georgia, Macon
South Carolina, Savannah
Georgia, Savannah
Hawaii, Honolulu
Iowa, Cedar Rapids-Wtrlo-IWC&Dub
Iowa, Davenport-R.Island-Moline
Illinois, Davenport-R.Island-Moline
Iowa, Des Moines-Ames
Iowa, Omaha
Nebraska, Omaha
Missouri, Omaha
Iowa, Ottumwa-Kirksville
Missouri, Ottumwa-Kirksville
Iowa, Quincy-Hannibal-Keokuk
Illinois, Quincy-Hannibal-Keokuk
Missouri, Quincy-Hannibal-Keokuk
Minnesota, Rochestr-Mason City-Austin
Iowa, Rochestr-Mason City-Austin
South Dakota, Sioux City
Iowa, Sioux City
Nebraska, Sioux City
Minnesota, Sioux Falls(Mitchell)
South Dakota, Sioux Falls(Mitchell)
Iowa, Sioux Falls(Mitchell)
Idaho, Boise
Oregon, Boise
Idaho, Idaho Falls-Pocatello
Wyoming, Idaho Falls-Pocatello
Idaho, Salt Lake City
Wyoming, Salt Lake City
Nevada, Salt Lake City
Utah, Salt Lake City
Washington, Spokane
Montana, Spokane
Idaho, Spokane
Oregon, Spokane
Idaho, Twin Falls
Illinois, Champaign&Sprngfld-Decatur
Illinois, Chicago
Indiana, Chicago
Illinois, Evansville
Indiana, Evansville
Kentucky, Evansville
Illinois, Paducah-Cape Girard-Harsbg
Missouri, Paducah-Cape Girard-Harsbg
Kentucky, Paducah-Cape Girard-Harsbg
Tennessee, Paducah-Cape Girard-Harsbg
Illinois, Peoria-Bloomington
Illinois, Rockford
Illinois, St. Louis
Missouri, St. Louis
Illinois, Terre Haute
Indiana, Terre Haute
Ohio, Cincinnati
Indiana, Cincinnati
Kentucky, Cincinnati
Ohio, Dayton
Indiana, Dayton
Ohio, Ft. Wayne
Indiana, Ft. Wayne
Indiana, Indianapolis
Indiana, Lafayette IN
Indiana, Louisville
Kentucky, Louisville
Michigan, South Bend-Elkhart
Indiana, South Bend-Elkhart
Missouri, Joplin-Pittsburg
Kansas, Joplin-Pittsburg
Oklahoma, Joplin-Pittsburg
Missouri, Kansas City
Kansas, Kansas City
Nebraska, Lincoln & Hstngs-Krny Plus
Kansas, Lincoln & Hstngs-Krny Plus
Missouri, St. Joseph
Kansas, St. Joseph
Kansas, Topeka
Kansas, Tulsa
Oklahoma, Tulsa
Nebraska, Wichita-Hutchinson Plus
Kansas, Wichita-Hutchinson Plus
Kentucky, Bowling Green
Ohio, Charleston-Huntington
West Virginia, Charleston-Huntington
Kentucky, Charleston-Huntington
Kentucky, Knoxville
Tennessee, Knoxville
Kentucky, Lexington
Kentucky, Nashville
Tennessee, Nashville
Virginia, Tri-Cities
Kentucky, Tri-Cities
Tennessee, Tri-Cities
Louisiana, Alexandria
Mississippi, Baton Rouge
Louisiana, Baton Rouge
Louisiana, Lafayette
Louisiana, Lake Charles
Mississippi, New Orleans
Louisiana, New Orleans
Vermont, Albany-Schenectady-Troy
New York, Albany-Schenectady-Troy
Massachusetts, Albany-Schenectady-Troy
New Hampshire, Boston (Manchester)
Vermont, Boston (Manchester)
Massachusetts, Boston (Manchester)
Massachusetts, Providence-New Bedford
Rhode Island, Providence-New Bedford
Massachusetts, Springfield-Holyoke
Maryland, Baltimore
Pennsylvania, Pittsburgh
West Virginia, Pittsburgh
Maryland, Pittsburgh
Maine, Bangor
Maine, Portland-Auburn
New Hampshire, Portland-Auburn
Maine, Presque Isl
Michigan, Alpena
Michigan, Detroit
Minnesota, Duluth-Superior
Michigan, Duluth-Superior
Wisconsin, Duluth-Superior
Michigan, Flint-Saginaw-Bay City
Michigan, Grand Rapids-Kalmzoo-B.Crk
Michigan, Green Bay-Appleton
Wisconsin, Green Bay-Appleton
Michigan, Lansing
Michigan, Marquett
Wisconsin, Marquett
Michigan, Toledo
Ohio, Toledo
Michigan, Traverse City-Cadillac
Minnesota, Fargo-Valley City
North Dakota, Fargo-Valley City
Minnesota, La Crosse-Eau Claire
Wisconsin, La Crosse-Eau Claire
Minnesota, Mankato
Minnesota, Minneapolis-St. Paul
Wisconsin, Minneapolis-St. Paul
Missouri, Columbia-Jefferson City
Missouri, Springfield
Mississippi, Biloxi-Gulfport 
Mississippi, Hattiesburg-Laurel
Mississippi, Jackson MS
Montana, Billings
Wyoming, Billings
Montana, Butte-Bozeman
Montana, Glendive
Montana, Great Falls
Montana, Helena
Montana, Minot-Bismarck-Dickinson
North Dakota, Minot-Bismarck-Dickinson
South Dakota, Minot-Bismarck-Dickinson
Montana, Missoula
Montana, Rapid City
South Dakota, Rapid City
Wyoming, Rapid City
Nebraska, Rapid City
North Carolina, Charlotte
South Carolina, Charlotte
Virginia, Greensboro-H.Point-W.Salem
North Carolina, Greensboro-H.Point-W.Salem
North Carolina, Greenville-N.Bern-Washngtn
North Carolina, Myrtle Beach-Florence
South Carolina, Myrtle Beach-Florence
Virginia, Norfolk-Portsmth-Newpt Nws
North Carolina, Norfolk-Portsmth-Newpt Nws
Virginia, Raleigh-Durham (Fayetvlle)
North Carolina, Raleigh-Durham (Fayetvlle)
North Carolina, Wilmington NC
Wyoming, Cheyenne-Scottsbluff
Nebraska, Cheyenne-Scottsbluff
Nebraska, North Platte
New Hampshire, Burlington-Plattsburgh
Vermont, Burlington-Plattsburgh
New York, Burlington-Plattsburgh
Pennsylvania, Philadelphia
New Jersey, Philadelphia
Oklahoma, Amarillo
New Mexico, Amarillo
Texas, Amarillo
New Mexico, El Paso (Las Cruces)
Texas, El Paso (Las Cruces)
Nevada, Las Vegas
New York, Binghamton
New York, Buffalo
Pennsylvania, Buffalo
New York, Elmira (Corning)
Pennsylvania, Elmira (Corning)
New York, Rochester
New York, Syracuse
New York, Utica
New York, Watertown
Ohio, Cleveland-Akron (Canton)
Ohio, Columbus
Ohio, Lima
Ohio, Parkersburg
West Virginia, Parkersburg
Ohio, Wheeling-Steubenville
West Virginia, Wheeling-Steubenville
Pennsylvania, Youngstown
Ohio, Youngstown
Ohio, Zanesville
Oklahoma, Oklahoma City
Oklahoma, Sherman TX-Ada
Texas, Sherman TX-Ada
Oklahoma, Wichita Falls & Lawton
Texas, Wichita Falls & Lawton
Oregon, Bend
Oregon, Eugene
Washington, Portland
Oregon, Portland
Washington, Yakima-Pasco-Rchlnd-Knnwck
Oregon, Yakima-Pasco-Rchlnd-Knnwck
Pennsylvania, Erie
Pennsylvania, Harrisburg-Lebanon-Carlisle
Pennsylvania, Johnstown-Altoona
Pennsylvania, Wilkes Barre-Scranton
South Carolina, Charleston
South Carolina, Columbia
Tennessee, Jackson TN
Texas, Abilene-Sweetwater
Texas, Austin
Texas, Beaumont-Port Arthur
Texas, Corpus Christi
Texas, Dallas-Ft. Worth
Texas, Harlingen-Wslco-Brnsvl-McA
Texas, Houston
Texas, Laredo
Texas, Lubbock
Texas, Odessa-Midland
Texas, San Angelo
Texas, San Antonio
Texas, Tyler-Longview(Lfkn&Ncgd)
Texas, Victoria
Texas, Waco-Temple-Bryan
West Virginia, Bluefield-Beckley-Oak Hill
Virginia, Bluefield-Beckley-Oak Hill
Virginia, Charlottesville
Virginia, Harrisonburg
Virginia, Richmond-Petersburg
Virginia, Roanoke-Lynchburg
Washington, Seattle-Tacoma
Wisconsin, Madison
Wisconsin, Milwaukee
Wisconsin, Wausau-Rhinelander
West Virginia, Clarksburg-Weston
Wyoming, Casper-Riverton
